Workbook

Sheet Consolidado
A1: PREPUESTO DE VENTAS 2026
A3: TIENDA | B3: S1-26 | C3: S2-26 | D3: TOTAL
A4: NB MP | B4: =SUM('Presupuesto de vts 2026'!C5:C10) -> 650000 | C4: =SUM('Presupuesto de vts 2026'!C11:C16) -> 950000 | D4: =SUM(B4:C4) -> 1600000
A5: NB ALB | B5: =SUM('Presupuesto de vts 2026'!F5:F10) -> 415000 | C5: =SUM('Presupuesto de vts 2026'!F11:F16) -> 625000 | D5: =SUM(B5:C5) -> 1040000
A6: NB DOR | B6: =SUM('Presupuesto de vts 2026'!I5:I10) -> 163000 | C6: =SUM('Presupuesto de vts 2026'!I11:I16) -> 197000 | D6: =SUM(B6:C6) -> 360000
A7: NB MM | B7: =SUM('Presupuesto de vts 2026'!L5:L10) -> 139000 | C7: =SUM('Presupuesto de vts 2026'!L11:L16) -> 261000 | D7: =SUM(B7:C7) -> 400000
A8: TOTALES | B8: =SUM(B4:B7) -> 1367000 | C8: =SUM(C4:C7) -> 2033000 | D8: =SUM(D4:D7) -> 3400000
A11: TIENDA | B11: S1-26 | C11: S2-26 | D11: TOTAL
A12: RB MP | B12: =SUM('Presupuesto de vts 2026'!C22:C27) -> 685000 | C12: =SUM('Presupuesto de vts 2026'!C28:C33) -> 765000 | D12: =SUM(B12:C12) -> 1450000
A13: RB ALB | B13: =SUM('Presupuesto de vts 2026'!F22:F27) -> 555000 | C13: =SUM('Presupuesto de vts 2026'!F28:F33) -> 665000 | D13: =SUM(B13:C13) -> 1220000
A14: NB DOR | B14: =SUM('Presupuesto de vts 2026'!I13:I18) -> 500000.12 | C14: =SUM('Presupuesto de vts 2026'!I19:I24) -> 622026 | D14: =SUM(B14:C14) -> 1122026.1
A15: NB MM | B15: =SUM('Presupuesto de vts 2026'!L13:L18) -> 602000.14 | C15: =SUM('Presupuesto de vts 2026'!L19:L24) -> 0.34010563 | D15: =SUM(B15:C15) -> 602000.48
A16: TOTALES | B16: =SUM(B12:B13) -> 1240000 | C16: =SUM(C12:C13) -> 1430000 | D16: =SUM(D12:D13) -> 2670000

Sheet Presupuesto de vts 2026
A1: PRESUPUESTO DE VENTAS TIENDAS 2026
B3: NB MP | E3: NB ALB | H3: NB DOR | K3: NB MM | N3: TOTAL
A4: Mes | B4: 2025 | C4: 2026 | D4: REAL | E4: 2025 | F4: 2026 | G4: REAL | H4: 2025 | I4: 2026 | J4: REAL | K4: 2025 | L4: 2026 | M4: REAL | N4: 2025 | O4: 2026 | P4: REAL | Q4: LY | R4: LY% | S4: PPTO | T4: PPTO %
A5: Ene | B5: 65189.59 | C5: 90000 | D5: 95493.43 | E5: 59598.26 | F5: 65000 | G5: 61386.65 | H5: 15655.69 | I5: 20000 | J5: 15336 | K5: 15165.964 | L5: 20000 | M5: 22370.49 | N5: =B5+E5+H5+K5 -> 155609.5 | O5: =C5+F5+I5+L5 -> 195000 | P5: =D5+G5+J5+M5 -> 194586.57 | Q5: =P5-N5 -> 38977.066 | R5: =Q5/N5 -> 0.25047998 | S5: =P5-O5 -> -413.43 | T5: =S5/O5 -> -0.0021201538
A6: Feb | B6: 79996.2 | C6: 95000 | D6: 83516.01 | E6: 54978.37 | F6: 65000 | G6: 45919.07 | H6: 19285.17 | I6: 20000 | J6: 18795.15 | K6: 16076.096 | L6: 20000 | M6: 20286.8 | N6: =B6+E6+H6+K6 -> 170335.84 | O6: =C6+F6+I6+L6 -> 200000 | P6: =D6+G6+J6+M6 -> 168517.03 | Q6: =P6-N6 -> -1818.8058 | R6: =Q6/N6 -> -0.010677764 | S6: =P6-O6 -> -31482.97 | T6: =S6/O6 -> -0.15741485
A7: Mar | B7: 105299.44 | C7: 125000 | D7: 138488.69 | E7: 74610.3 | F7: 85000 | G7: 67360.02 | H7: 32311.8 | I7: 35000 | J7: 22875.19 | K7: 27647.659 | L7: 30000 | M7: 24892.88 | N7: =B7+E7+H7+K7 -> 239869.2 | O7: =C7+F7+I7+L7 -> 275000 | P7: =D7+G7+J7+M7 -> 253616.78 | Q7: =P7-N7 -> 13747.581 | R7: =Q7/N7 -> 0.057312825 | S7: =P7-O7 -> -21383.22 | T7: =S7/O7 -> -0.077757164
A8: Abr | B8: 85453.34 | C8: 100000 | D8: 117707.95 | E8: 58181.33 | F8: 70000 | G8: 60990.29 | H8: 27004.79 | I8: 30000 | J8: 18924.57 | K8: 22325.429 | L8: 25000 | M8: 27065.45 | N8: =B8+E8+H8+K8 -> 192964.89 | O8: =C8+F8+I8+L8 -> 225000 | P8: =D8+G8+J8+M8 -> 224688.26 | Q8: =P8-N8 -> 31723.371 | R8: =Q8/N8 -> 0.16439971 | S8: =P8-O8 -> -311.74 | T8: =S8/O8 -> -0.0013855111
A9: May | B9: 107449.59 | C9: 130000 | D9: 112310.01 | E9: 57700.89 | F9: 65000 | G9: 64798.1 | H9: 26632.07 | I9: 30000 | J9: 19158.27 | K9: 21599.617 | L9: 22000 | M9: 28079.61 | N9: =B9+E9+H9+K9 -> 213382.17 | O9: =C9+F9+I9+L9 -> 247000 | P9: =D9+G9+J9+M9 -> 224345.99 | Q9: =P9-N9 -> 10963.823 | R9: =Q9/N9 -> 0.051381159 | S9: =P9-O9 -> -22654.01 | T9: =S9/O9 -> -0.09171664
A10: Jun | B10: 90953.33 | C10: 110000 | D10: 146771.68 | E10: 42586.4 | F10: 65000 | G10: 72169.74 | H10: 26242.52 | I10: 28000 | J10: 21494.72 | K10: 19535.44 | L10: 22000 | M10: 27560.89 | N10: =B10+E10+H10+K10 -> 179317.69 | O10: =C10+F10+I10+L10 -> 225000 | P10: =D10+G10+J10+M10 -> 267997.03 | Q10: =P10-N10 -> 88679.34 | R10: =Q10/N10 -> 0.4945376 | S10: =P10-O10 -> 42997.03 | T10: =S10/O10 -> 0.19109791
A11: Jul | B11: 126906.31 | C11: 150000 | E11: 81083.61 | F11: 90000 | H11: 27175.77 | I11: 30000 | K11: 24548.825 | L11: 27000 | N11: =B11+E11+H11+K11 -> 259714.52 | O11: =C11+F11+I11+L11 -> 297000
A12: Ago | B12: 152150.77 | C12: 175000 | E12: 94365.8 | F12: 110000 | H12: 25013.87 | I12: 27000 | K12: 29853.998 | L12: 32000 | N12: =B12+E12+H12+K12 -> 301384.44 | O12: =C12+F12+I12+L12 -> 344000
A13: Sep | B13: 81539.76 | C13: 95000 | E13: 60551.75 | F13: 70000 | H13: 19153.23 | I13: 21000 | K13: 19123.064 | L13: 22000 | N13: =B13+E13+H13+K13 -> 180367.8 | O13: =C13+F13+I13+L13 -> 208000
A14: Oct | B14: 107406.66 | C14: 130000 | E14: 65548.71 | F14: 75000 | H14: 21530.97 | I14: 24000 | K14: 25278.241 | L14: 30000 | N14: =B14+E14+H14+K14 -> 219764.58 | O14: =C14+F14+I14+L14 -> 259000
A15: Nov | B15: 130892.71 | C15: 150000 | E15: 93809.34 | F15: 110000 | H15: 32754.14 | I15: 35000 | K15: 44045.959 | L15: 50000 | N15: =B15+E15+H15+K15 -> 301502.15 | O15: =C15+F15+I15+L15 -> 345000
A16: Dic | B16: 194036.5 | C16: 250000 | E16: 120760 | F16: 170000 | H16: 48893.31 | I16: 60000 | K16: 86011.137 | L16: 100000 | N16: =B16+E16+H16+K16 -> 449700.95 | O16: =C16+F16+I16+L16 -> 580000
A17: Totales | B17: =SUM(B5:B16) -> 1327274.2 | C17: =SUM(C5:C16) -> 1600000 | D17: =SUM(D5:D16) -> 694287.77 | E17: =SUM(E5:E16) -> 863774.76 | F17: =SUM(F5:F16) -> 1040000 | G17: =SUM(G5:G16) -> 372623.87 | H17: =SUM(H5:H16) -> 321653.33 | I17: =SUM(I5:I16) -> 360000 | ... Q17: =SUM(Q5:Q16) -> 182272.37 | R17: =Q17/SUM(N5:N7) -> 0.32214155 | S17: =SUM(S5:S16) -> -33248.34 | T17: =S17/SUM(O5:O7) -> -0.049624388
C18: =(C17-B17)/B17 -> 0.20547811 | F18: =(F17-E17)/E17 -> 0.20401758 | I18: =(I17-H17)/H17 -> 0.11921739 | L18: =(L17-K17)/K17 -> 0.1389151 | O18: =(O17-N17)/N17 -> 0.1871866
B20: RB MP | E20: RB ALB | H20: TOTAL
A21: Mes | B21: 2025 | C21: 2026 | D21: REAL | E21: 2025 | F21: 2026 | G21: REAL | H21: 2025 | I21: 2026 | J21: REAL | K21: LY | L21: LY% | M21: PPTO | N21: PPTO %
A22: Ene | B22: 103979.7 | C22: 110000 | D22: 100486.97 | E22: 75166.101 | F22: 85000 | G22: 87749.06 | H22: =B22+E22 -> 179145.8 | I22: =C22+F22 -> 195000 | J22: =D22+G22 -> 188236.03 | K22: =J22-H22 -> 9090.2293 | L22: =K22/H22 -> 0.050742073 | M22: =J22-I22 -> -6763.97 | N22: =M22/I22 -> -0.034687026
A23: Feb | B23: 99043.53 | C23: 110000 | D23: 111645.55 | E23: 75412.853 | F23: 85000 | G23: 90543.2 | H23: =B23+E23 -> 174456.38 | I23: =C23+F23 -> 195000 | J23: =D23+G23 -> 202188.75 | K23: =J23-H23 -> 27732.367 | L23: =K23/H23 -> 0.15896448 | M23: =J23-I23 -> 7188.75 | N23: =M23/I23 -> 0.036865385
A24: Mar | B24: 125123.02 | C24: 130000 | D24: 138375.77 | E24: 92337.675 | F24: 100000 | G24: 107441.6 | H24: =B24+E24 -> 217460.7 | I24: =C24+F24 -> 230000 | J24: =D24+G24 -> 245817.37 | K24: =J24-H24 -> 28356.675 | L24: =K24/H24 -> 0.13039908 | M24: =J24-I24 -> 15817.37 | N24: =M24/I24 -> 0.068771174
A25: Abr | B25: 91324.1 | C25: 100000 | D25: 134852.44 | E25: 82496.128 | F25: 95000 | G25: 95808.29 | H25: =B25+E25 -> 173820.23 | I25: =C25+F25 -> 195000 | J25: =D25+G25 -> 230660.73 | K25: =J25-H25 -> 56840.502 | L25: =K25/H25 -> 0.32700741 | M25: =J25-I25 -> 35660.73 | N25: =M25/I25 -> 0.18287554
A26: May | B26: 107713.58 | C26: 115000 | D26: 121572.77 | E26: 78998.074 | F26: 90000 | G26: 100106.16 | H26: =B26+E26 -> 186711.65 | I26: =C26+F26 -> 205000 | J26: =D26+G26 -> 221678.93 | K26: =J26-H26 -> 34967.276 | L26: =K26/H26 -> 0.18727956 | M26: =J26-I26 -> 16678.93 | N26: =M26/I26 -> 0.081360634
A27: Jun | B27: 4361.54 | C27: 120000 | D27: 97429.29 | E27: 103310.4 | F27: 100000 | G27: 81942.03 | H27: =B27+E27 -> 107671.94 | I27: =C27+F27 -> 220000 | J27: =D27+G27 -> 179371.32 | K27: =J27-H27 -> 71699.376 | L27: =K27/H27 -> 0.66590583 | M27: =J27-I27 -> -40628.68 | N27: =M27/I27 -> -0.18467582
A28: Jul | B28: 941.3525 | C28: 115000 | E28: 108016.82 | F28: 100000 | H28: =B28+E28 -> 108958.17 | I28: =C28+F28 -> 215000
A29: Ago | B29: 235.96767 | C29: 130000 | E29: 127781.63 | F29: 110000 | H29: =B29+E29 -> 128017.6 | I29: =C29+F29 -> 240000
A30: Sep | B30: 112338.75 | C30: 120000 | E30: 83967.603 | F30: 90000 | H30: =B30+E30 -> 196306.35 | I30: =C30+F30 -> 210000
A31: Oct | B31: 111681.32 | C31: 125000 | E31: 102804.32 | F31: 110000 | H31: =B31+E31 -> 214485.64 | I31: =C31+F31 -> 235000
A32: Nov | B32: 115084.69 | C32: 125000 | E32: 115378.46 | F32: 125000 | H32: =B32+E32 -> 230463.15 | I32: =C32+F32 -> 250000
A33: Dic | B33: 124475.19 | C33: 150000 | E33: 121634.64 | F33: 130000 | H33: =B33+E33 -> 246109.83 | I33: =C33+F33 -> 280000
A34: Totales | B34: =SUM(B22:B33) -> 996302.74 | C34: =SUM(C22:C33) -> 1450000 | D34: =SUM(D22:D33) -> 704362.79 | E34: =SUM(E22:E33) -> 1167304.7 | F34: =SUM(F22:F33) -> 1220000 | G34: =SUM(G22:G33) -> 563590.34 | H34: =SUM(H22:H33) -> 2163607.4 | I34: =SUM(I22:I33) -> 2670000 | ... K34: =SUM(K22:K33) -> 228686.43 | L34: =K34/SUM(H22:H24) -> 0.40045752 | M34: =SUM(M22:M33) -> 27953.13 | N34: =M34/(SUM(I22:I24)) -> 0.045085694
C35: =(C34-B34)/B34 -> 0.45538092 | F35: =(F34-E34)/E34 -> 0.045142713 | I35: =(I34-H34)/H34 -> 0.23405011
